,instance,set,numV,min_width,width0,width1,width2,width3,width4,width5,width6,width7,width8,width9
0,mp1-Nb5T06.cnf.bz2,SAT_2017,2139.0,65.0,65.0,65.0,65.0,65.0,65.0,6000.0,65.0,65.0,65.0,65.0
1,mp1-Nb5T07.cnf.bz2,SAT_2017,2608.0,76.0,76.0,76.0,76.0,76.0,76.0,6000.0,76.0,76.0,76.0,76.0
2,mp1-Nb6T06.cnf.bz2,SAT_2017,3702.0,77.0,77.0,77.0,77.0,77.0,77.0,6000.0,77.0,77.0,77.0,77.0
3,mp1-tri_ali_s11_c35_bail_UNS.cnf.bz2,SAT_2017,400.0,83.0,83.0,83.0,83.0,83.0,83.0,6000.0,83.0,83.0,83.0,83.0
4,mp1-squ_any_s09x07_c27_bail_UNS.cnf.bz2,SAT_2017,368.0,83.0,83.0,83.0,83.0,83.0,83.0,6000.0,83.0,83.0,83.0,83.0
5,mp1-squ_any_s09x07_c27_sinz_UNS.cnf.bz2,SAT_2017,1035.0,89.0,91.0,92.0,95.0,91.0,89.0,6000.0,91.0,91.0,92.0,94.0
6,mp1-squ_any_s09x07_c27_sinx_UNS.cnf.bz2,SAT_2017,1035.0,89.0,91.0,92.0,95.0,91.0,89.0,6000.0,91.0,91.0,92.0,94.0
7,mp1-Nb6T07.cnf.bz2,SAT_2017,4517.0,90.0,90.0,90.0,90.0,90.0,90.0,6000.0,90.0,90.0,90.0,90.0
8,mp1-tri_ali_s11_c35_sinz_UNS.cnf.bz2,SAT_2017,1151.0,91.0,93.0,99.0,95.0,96.0,91.0,6000.0,95.0,98.0,95.0,100.0
9,mp1-tri_ali_s11_c35_sinx_UNS.cnf.bz2,SAT_2017,1151.0,91.0,93.0,99.0,95.0,96.0,91.0,6000.0,95.0,98.0,95.0,100.0
10,mp1-squ_any_s09x07_c27_abix_UNS.cnf.bz2,SAT_2017,851.0,97.0,105.0,117.0,113.0,105.0,97.0,6000.0,108.0,100.0,104.0,102.0
11,mp1-squ_any_s09x07_c27_abio_UNS.cnf.bz2,SAT_2017,851.0,97.0,105.0,117.0,113.0,105.0,97.0,6000.0,108.0,100.0,104.0,102.0
12,mp1-tri_ali_s11_c35_abix_UNS.cnf.bz2,SAT_2017,932.0,103.0,108.0,111.0,114.0,104.0,103.0,6000.0,111.0,116.0,110.0,110.0
13,mp1-tri_ali_s11_c35_abio_UNS.cnf.bz2,SAT_2017,932.0,103.0,108.0,111.0,114.0,104.0,103.0,6000.0,111.0,116.0,110.0,110.0
14,mp1-Nb7T07.cnf.bz2,SAT_2017,7196.0,104.0,104.0,104.0,104.0,104.0,104.0,6000.0,104.0,104.0,104.0,104.0
15,mp1-Nb7T08.cnf.bz2,SAT_2017,8497.0,119.0,119.0,119.0,119.0,119.0,119.0,6000.0,119.0,119.0,119.0,119.0
16,mp1-bsat180-648.cnf.bz2,SAT_2017,180.0,130.0,130.0,130.0,130.0,130.0,130.0,6000.0,130.0,130.0,130.0,130.0
17,g2-gss-24-s100.cnf.bz2,SAT_2017,31821.0,137.0,149.0,140.0,140.0,139.0,149.0,6000.0,149.0,143.0,141.0,137.0
18,mp1-bsat192-689.cnf.bz2,SAT_2017,192.0,139.0,140.0,139.0,140.0,139.0,140.0,6000.0,139.0,140.0,140.0,140.0
19,mp1-squ_ali_s10x10_c39_sinx_SAT.cnf.bz2,SAT_2017,2479.0,139.0,139.0,140.0,141.0,140.0,145.0,6000.0,141.0,144.0,143.0,141.0
20,mp1-squ_ali_s10x10_c39_sinz_SAT.cnf.bz2,SAT_2017,2479.0,139.0,139.0,140.0,141.0,140.0,145.0,6000.0,141.0,144.0,143.0,141.0
21,g2-gss-22-s100.cnf.bz2,SAT_2017,31616.0,139.0,139.0,139.0,139.0,139.0,139.0,6000.0,139.0,139.0,139.0,142.0
22,g2-gss-28-s100.cnf.bz2,SAT_2017,32151.0,139.0,141.0,139.0,142.0,141.0,140.0,6000.0,139.0,139.0,149.0,141.0
23,g2-gss-26-s100.cnf.bz2,SAT_2017,31942.0,140.0,140.0,147.0,147.0,147.0,152.0,6000.0,147.0,147.0,147.0,147.0
24,mp1-bsat201-707.cnf.bz2,SAT_2017,201.0,142.0,142.0,142.0,142.0,142.0,142.0,6000.0,142.0,142.0,142.0,142.0
25,g2-gss-30-s100.cnf.bz2,SAT_2017,32309.0,143.0,143.0,149.0,157.0,145.0,143.0,6000.0,149.0,143.0,143.0,149.0
26,g2-gss-32-s100.cnf.bz2,SAT_2017,32312.0,143.0,146.0,147.0,145.0,149.0,145.0,6000.0,143.0,149.0,149.0,149.0
27,g2-gss-34-s100.cnf.bz2,SAT_2017,32465.0,145.0,148.0,149.0,150.0,145.0,145.0,6000.0,146.0,145.0,148.0,146.0
28,g2-gss-36-s100.cnf.bz2,SAT_2017,32642.0,146.0,148.0,147.0,146.0,154.0,146.0,6000.0,146.0,153.0,146.0,149.0
29,mp1-klieber2017s-1000-024-eq.cnf.bz2,SAT_2017,5823.0,146.0,156.0,154.0,166.0,160.0,157.0,6000.0,157.0,152.0,159.0,146.0
30,g2-gss-38-s100.cnf.bz2,SAT_2017,32759.0,147.0,148.0,149.0,149.0,158.0,151.0,6000.0,148.0,153.0,147.0,152.0
31,mp1-bsat210-739.cnf.bz2,SAT_2017,210.0,149.0,150.0,150.0,149.0,151.0,150.0,6000.0,150.0,150.0,151.0,149.0
32,g2-gss-40-s100.cnf.bz2,SAT_2017,32814.0,152.0,152.0,152.0,155.0,152.0,162.0,6000.0,169.0,153.0,159.0,156.0
33,mp1-Nb5T14.cnf.bz2,SAT_2017,5891.0,153.0,153.0,153.0,153.0,153.0,153.0,6000.0,153.0,153.0,153.0,153.0
34,mp1-klieber2017s-1000-023-eq.cnf.bz2,SAT_2017,6118.0,155.0,160.0,171.0,167.0,160.0,165.0,6000.0,166.0,155.0,169.0,155.0
35,mp1-squ_ali_s10x10_c39_bail_SAT.cnf.bz2,SAT_2017,647.0,156.0,157.0,157.0,157.0,157.0,156.0,6000.0,157.0,157.0,157.0,157.0
36,mp1-qpr-bmp280-driver-14.cnf.bz2,SAT_2017,23325.0,162.0,172.0,172.0,164.0,175.0,172.0,6000.0,177.0,162.0,171.0,173.0
37,mp1-Nb5T15.cnf.bz2,SAT_2017,6360.0,164.0,164.0,164.0,164.0,164.0,164.0,6000.0,164.0,164.0,164.0,164.0
38,g2-Sz512_15128_1.smt2-cvc4.cnf.bz2,SAT_2017,10478.0,165.0,194.0,176.0,181.0,185.0,165.0,6000.0,174.0,174.0,182.0,183.0
39,mp1-squ_ali_s10x10_c39_abio_SAT.cnf.bz2,SAT_2017,1672.0,169.0,174.0,179.0,174.0,194.0,190.0,6000.0,169.0,175.0,192.0,169.0
40,mp1-squ_ali_s10x10_c39_abix_SAT.cnf.bz2,SAT_2017,1672.0,169.0,174.0,179.0,174.0,194.0,190.0,6000.0,169.0,175.0,192.0,169.0
41,mp1-qpr-bmp280-driver-5.cnf.bz2,SAT_2017,24070.0,170.0,192.0,192.0,201.0,191.0,205.0,6000.0,170.0,196.0,208.0,186.0
42,g2-hwmcc15deep-6s179-k17.cnf.bz2,SAT_2017,11456.0,175.0,208.0,175.0,230.0,237.0,202.0,6000.0,220.0,261.0,182.0,186.0
43,mp1-Nb5T16.cnf.bz2,SAT_2017,6829.0,175.0,175.0,175.0,175.0,175.0,175.0,6000.0,175.0,175.0,175.0,175.0
44,g2-hwmcc15deep-6s399b02-k02.cnf.bz2,SAT_2017,6950.0,189.0,214.0,223.0,191.0,206.0,189.0,6000.0,206.0,196.0,198.0,222.0
45,mp1-klieber2017s-1200-024-eq.cnf.bz2,SAT_2017,7476.0,190.0,203.0,190.0,212.0,208.0,198.0,6000.0,209.0,209.0,207.0,203.0
46,g2-hwmcc15deep-6s399b03-k02.cnf.bz2,SAT_2017,7191.0,198.0,201.0,207.0,216.0,198.0,203.0,6000.0,204.0,203.0,204.0,211.0
47,mp1-klieber2017s-1200-023-eq.cnf.bz2,SAT_2017,6913.0,202.0,215.0,206.0,209.0,211.0,215.0,6000.0,217.0,209.0,202.0,219.0
48,mp1-klieber2017s-1600-024-eq.cnf.bz2,SAT_2017,9293.0,214.0,241.0,233.0,231.0,229.0,214.0,6000.0,217.0,248.0,238.0,221.0
49,mp1-klieber2017s-1200-022-eq.cnf.bz2,SAT_2017,7231.0,220.0,228.0,223.0,223.0,221.0,229.0,6000.0,226.0,232.0,222.0,220.0
50,mp1-klieber2017s-1600-023-eq.cnf.bz2,SAT_2017,9152.0,227.0,229.0,236.0,235.0,250.0,246.0,6000.0,232.0,257.0,237.0,227.0
51,mp1-klieber2017s-2000-023-eq.cnf.bz2,SAT_2017,10193.0,229.0,253.0,229.0,254.0,242.0,242.0,6000.0,236.0,239.0,245.0,251.0
52,mp1-klieber2017s-2000-022-eq.cnf.bz2,SAT_2017,10912.0,234.0,238.0,240.0,240.0,248.0,245.0,6000.0,244.0,256.0,236.0,234.0
53,mp1-klieber2017s-1600-022-eq.cnf.bz2,SAT_2017,9383.0,246.0,255.0,256.0,246.0,257.0,259.0,6000.0,249.0,251.0,246.0,258.0
54,mp1-rubikcube212.cnf.bz2,SAT_2017,3090.0,263.0,263.0,263.0,302.0,302.0,263.0,6000.0,302.0,263.0,263.0,263.0
55,mp1-rubikcube012.cnf.bz2,SAT_2017,3426.0,263.0,302.0,263.0,302.0,302.0,263.0,6000.0,302.0,302.0,302.0,263.0
56,mp1-rubikcube031.cnf.bz2,SAT_2017,3138.0,263.0,263.0,279.0,336.0,279.0,263.0,6000.0,279.0,336.0,279.0,263.0
57,mp1-rubikcube120.cnf.bz2,SAT_2017,2778.0,263.0,279.0,263.0,293.0,279.0,263.0,6000.0,279.0,279.0,263.0,263.0
58,mp1-rubikcube220.cnf.bz2,SAT_2017,3450.0,263.0,263.0,263.0,263.0,263.0,263.0,6000.0,263.0,321.0,263.0,325.0
59,mp1-rubikcube101.cnf.bz2,SAT_2017,3066.0,263.0,311.0,311.0,263.0,311.0,311.0,6000.0,263.0,311.0,263.0,263.0
60,mp1-rubikcube312.cnf.bz2,SAT_2017,3090.0,263.0,263.0,263.0,302.0,302.0,263.0,6000.0,302.0,263.0,263.0,263.0
61,mp1-rubikcube912.cnf.bz2,SAT_2017,3090.0,263.0,263.0,263.0,302.0,302.0,263.0,6000.0,302.0,263.0,263.0,263.0
62,mp1-rubikcube901.cnf.bz2,SAT_2017,2730.0,263.0,291.0,291.0,263.0,311.0,311.0,6000.0,263.0,291.0,263.0,263.0
63,mp1-rubikcube820.cnf.bz2,SAT_2017,3450.0,263.0,263.0,263.0,263.0,263.0,263.0,6000.0,263.0,321.0,263.0,325.0
64,mp1-rubikcube812.cnf.bz2,SAT_2017,3090.0,263.0,263.0,263.0,302.0,302.0,263.0,6000.0,302.0,263.0,263.0,263.0
65,mp1-rubikcube301.cnf.bz2,SAT_2017,2730.0,263.0,291.0,291.0,263.0,311.0,311.0,6000.0,263.0,291.0,263.0,263.0
66,mp1-rubikcube701.cnf.bz2,SAT_2017,3066.0,263.0,311.0,311.0,263.0,311.0,311.0,6000.0,263.0,311.0,263.0,263.0
67,mp1-rubikcube612.cnf.bz2,SAT_2017,3426.0,263.0,302.0,263.0,302.0,302.0,263.0,6000.0,302.0,302.0,302.0,263.0
68,mp1-rubikcube720.cnf.bz2,SAT_2017,2778.0,263.0,279.0,263.0,293.0,279.0,263.0,6000.0,279.0,279.0,263.0,263.0
69,mp1-rubikcube401.cnf.bz2,SAT_2017,3402.0,263.0,343.0,263.0,263.0,343.0,343.0,6000.0,263.0,263.0,263.0,263.0
70,mp1-rubikcube420.cnf.bz2,SAT_2017,3114.0,263.0,263.0,263.0,263.0,279.0,263.0,6000.0,341.0,341.0,263.0,325.0
71,mp1-rubikcube512.cnf.bz2,SAT_2017,2754.0,263.0,263.0,263.0,263.0,263.0,263.0,6000.0,263.0,263.0,263.0,263.0
72,mp1-rubikcube520.cnf.bz2,SAT_2017,3114.0,263.0,263.0,263.0,263.0,279.0,263.0,6000.0,341.0,341.0,263.0,325.0
73,mp1-rubikcube601.cnf.bz2,SAT_2017,3066.0,263.0,311.0,311.0,263.0,311.0,311.0,6000.0,263.0,311.0,263.0,263.0
74,mp1-Nb6T25.cnf.bz2,SAT_2017,19187.0,324.0,324.0,324.0,324.0,324.0,324.0,6000.0,324.0,324.0,324.0,324.0
75,mp1-Nb6T27.cnf.bz2,SAT_2017,20817.0,350.0,350.0,350.0,350.0,350.0,350.0,6000.0,350.0,350.0,350.0,350.0
76,mp1-Nb6T28.cnf.bz2,SAT_2017,21632.0,363.0,363.0,363.0,363.0,363.0,363.0,6000.0,363.0,363.0,363.0,363.0
77,mp1-Nb6T29.cnf.bz2,SAT_2017,22447.0,376.0,376.0,376.0,376.0,376.0,376.0,6000.0,376.0,376.0,376.0,376.0
78,mp1-Nb6T30.cnf.bz2,SAT_2017,23262.0,389.0,389.0,389.0,389.0,389.0,389.0,6000.0,389.0,389.0,389.0,389.0
79,mp1-klieber2017s-0300-035-t12.cnf.bz2,SAT_2017,19814.0,573.0,573.0,625.0,599.0,595.0,592.0,6000.0,606.0,604.0,617.0,606.0
80,g2-hwmcc15deep-6s33-k34.cnf.bz2,SAT_2017,24952.0,585.0,714.0,689.0,674.0,595.0,585.0,6000.0,637.0,635.0,626.0,700.0
81,g2-hwmcc15deep-intel066-k10.cnf.bz2,SAT_2017,78582.0,595.0,618.0,595.0,606.0,632.0,634.0,6000.0,672.0,759.0,598.0,609.0
82,mp1-klieber2017s-0300-032-t12.cnf.bz2,SAT_2017,19491.0,603.0,615.0,620.0,654.0,655.0,631.0,6000.0,636.0,619.0,603.0,607.0
83,mp1-klieber2017s-0300-034-t12.cnf.bz2,SAT_2017,19743.0,609.0,609.0,643.0,631.0,624.0,628.0,6000.0,616.0,634.0,610.0,620.0
84,g2-hwmcc15deep-6s33-k33.cnf.bz2,SAT_2017,24125.0,610.0,642.0,733.0,784.0,610.0,615.0,6000.0,734.0,701.0,627.0,730.0
85,mp1-klieber2017s-0300-033-t12.cnf.bz2,SAT_2017,19565.0,618.0,640.0,652.0,633.0,618.0,658.0,6000.0,661.0,626.0,647.0,630.0
86,mp1-Nb7T42.cnf.bz2,SAT_2017,52731.0,629.0,629.0,629.0,629.0,629.0,629.0,6000.0,629.0,629.0,629.0,629.0
87,mp1-Nb7T43.cnf.bz2,SAT_2017,54032.0,644.0,644.0,644.0,644.0,644.0,644.0,6000.0,644.0,644.0,644.0,644.0
88,mp1-Nb7T44.cnf.bz2,SAT_2017,55333.0,659.0,659.0,659.0,659.0,659.0,659.0,6000.0,659.0,659.0,659.0,659.0
89,mp1-Nb7T45.cnf.bz2,SAT_2017,56634.0,674.0,674.0,674.0,674.0,674.0,674.0,6000.0,674.0,674.0,674.0,674.0
90,mp1-Nb7T46.cnf.bz2,SAT_2017,57935.0,689.0,689.0,689.0,689.0,689.0,689.0,6000.0,689.0,689.0,689.0,689.0
91,g2-hwmcc15deep-6s516r-k18.cnf.bz2,SAT_2017,51996.0,729.0,780.0,822.0,729.0,759.0,729.0,6000.0,972.0,737.0,967.0,829.0
92,mp1-klieber2017s-0490-022-t12.cnf.bz2,SAT_2017,29873.0,736.0,797.0,772.0,745.0,756.0,769.0,6000.0,785.0,736.0,747.0,737.0
93,mp1-klieber2017s-0500-022-t12.cnf.bz2,SAT_2017,30894.0,739.0,739.0,792.0,767.0,773.0,752.0,6000.0,749.0,774.0,771.0,760.0
94,mp1-21.7.cnf.bz2,SAT_2017,3904.0,763.0,815.0,772.0,846.0,804.0,852.0,6000.0,824.0,819.0,809.0,763.0
95,mp1-21.6.cnf.bz2,SAT_2017,3904.0,763.0,815.0,772.0,846.0,804.0,852.0,6000.0,824.0,819.0,809.0,763.0
96,mp1-21.5.cnf.bz2,SAT_2017,3904.0,763.0,815.0,772.0,846.0,804.0,852.0,6000.0,824.0,819.0,809.0,763.0
97,mp1-21.4.cnf.bz2,SAT_2017,3904.0,763.0,815.0,772.0,846.0,804.0,852.0,6000.0,824.0,819.0,809.0,763.0
98,mp1-21.3.cnf.bz2,SAT_2017,3904.0,763.0,815.0,772.0,846.0,804.0,852.0,6000.0,824.0,819.0,809.0,763.0
99,mp1-21.2.cnf.bz2,SAT_2017,3904.0,763.0,815.0,772.0,846.0,804.0,852.0,6000.0,824.0,819.0,809.0,763.0
100,mp1-21.9.cnf.bz2,SAT_2017,3904.0,763.0,815.0,772.0,846.0,804.0,852.0,6000.0,824.0,819.0,809.0,763.0
101,mp1-21.1.cnf.bz2,SAT_2017,3904.0,763.0,815.0,772.0,846.0,804.0,852.0,6000.0,824.0,819.0,809.0,763.0
102,mp1-21.0.cnf.bz2,SAT_2017,3904.0,763.0,815.0,772.0,846.0,804.0,852.0,6000.0,824.0,819.0,809.0,763.0
103,mp1-21.8.cnf.bz2,SAT_2017,3904.0,763.0,815.0,772.0,846.0,804.0,852.0,6000.0,824.0,819.0,809.0,763.0
104,mp1-klieber2017s-0500-023-t12.cnf.bz2,SAT_2017,30587.0,767.0,793.0,779.0,802.0,801.0,796.0,6000.0,789.0,767.0,779.0,800.0
105,g2-hwmcc15deep-6s161-k18.cnf.bz2,SAT_2017,48224.0,769.0,922.0,787.0,1010.0,777.0,867.0,6000.0,769.0,937.0,864.0,903.0
106,mp1-klieber2017s-0490-024-t12.cnf.bz2,SAT_2017,30503.0,781.0,814.0,793.0,808.0,822.0,823.0,6000.0,781.0,820.0,822.0,803.0
107,mp1-klieber2017s-0500-024-t12.cnf.bz2,SAT_2017,30935.0,782.0,822.0,805.0,811.0,796.0,810.0,6000.0,830.0,808.0,798.0,782.0
108,mp1-klieber2017s-0490-023-t12.cnf.bz2,SAT_2017,30833.0,783.0,806.0,805.0,787.0,783.0,808.0,6000.0,805.0,806.0,790.0,811.0
109,g2-hwmcc15deep-6s161-k17.cnf.bz2,SAT_2017,44195.0,791.0,850.0,854.0,851.0,894.0,956.0,6000.0,957.0,855.0,797.0,791.0
110,mp1-23.2.cnf.bz2,SAT_2017,4224.0,871.0,927.0,941.0,951.0,930.0,969.0,6000.0,973.0,871.0,963.0,944.0
111,mp1-23.8.cnf.bz2,SAT_2017,4224.0,871.0,927.0,941.0,951.0,930.0,969.0,6000.0,973.0,871.0,963.0,944.0
112,mp1-23.7.cnf.bz2,SAT_2017,4224.0,871.0,927.0,941.0,951.0,930.0,969.0,6000.0,973.0,871.0,963.0,944.0
113,mp1-23.6.cnf.bz2,SAT_2017,4224.0,871.0,927.0,941.0,951.0,930.0,969.0,6000.0,973.0,871.0,963.0,944.0
114,mp1-23.5.cnf.bz2,SAT_2017,4224.0,871.0,927.0,941.0,951.0,930.0,969.0,6000.0,973.0,871.0,963.0,944.0
115,mp1-23.4.cnf.bz2,SAT_2017,4224.0,871.0,927.0,941.0,951.0,930.0,969.0,6000.0,973.0,871.0,963.0,944.0
116,mp1-23.3.cnf.bz2,SAT_2017,4224.0,871.0,927.0,941.0,951.0,930.0,969.0,6000.0,973.0,871.0,963.0,944.0
117,mp1-23.1.cnf.bz2,SAT_2017,4224.0,871.0,927.0,941.0,951.0,930.0,969.0,6000.0,973.0,871.0,963.0,944.0
118,mp1-23.0.cnf.bz2,SAT_2017,4224.0,871.0,927.0,941.0,951.0,930.0,969.0,6000.0,973.0,871.0,963.0,944.0
119,mp1-22.1.cnf.bz2,SAT_2017,4064.0,889.0,992.0,946.0,933.0,957.0,942.0,6000.0,933.0,943.0,889.0,938.0
120,mp1-22.0.cnf.bz2,SAT_2017,4064.0,889.0,992.0,946.0,933.0,957.0,942.0,6000.0,933.0,943.0,889.0,938.0
121,mp1-22.2.cnf.bz2,SAT_2017,4064.0,889.0,992.0,946.0,933.0,957.0,942.0,6000.0,933.0,943.0,889.0,938.0
122,mp1-22.4.cnf.bz2,SAT_2017,4064.0,889.0,992.0,946.0,933.0,957.0,942.0,6000.0,933.0,943.0,889.0,938.0
123,mp1-22.5.cnf.bz2,SAT_2017,4064.0,889.0,992.0,946.0,933.0,957.0,942.0,6000.0,933.0,943.0,889.0,938.0
124,mp1-22.3.cnf.bz2,SAT_2017,4064.0,889.0,992.0,946.0,933.0,957.0,942.0,6000.0,933.0,943.0,889.0,938.0
125,mp1-22.9.cnf.bz2,SAT_2017,4064.0,889.0,992.0,946.0,933.0,957.0,942.0,6000.0,933.0,943.0,889.0,938.0
126,mp1-22.8.cnf.bz2,SAT_2017,4064.0,889.0,992.0,946.0,933.0,957.0,942.0,6000.0,933.0,943.0,889.0,938.0
127,mp1-22.7.cnf.bz2,SAT_2017,4064.0,889.0,992.0,946.0,933.0,957.0,942.0,6000.0,933.0,943.0,889.0,938.0
128,mp1-22.6.cnf.bz2,SAT_2017,4064.0,889.0,992.0,946.0,933.0,957.0,942.0,6000.0,933.0,943.0,889.0,938.0
129,mp1-24.8.cnf.bz2,SAT_2017,4384.0,927.0,927.0,927.0,927.0,927.0,927.0,6000.0,927.0,927.0,927.0,927.0
130,mp1-24.9.cnf.bz2,SAT_2017,4384.0,927.0,927.0,927.0,927.0,927.0,927.0,6000.0,927.0,927.0,927.0,927.0
131,mp1-24.5.cnf.bz2,SAT_2017,4384.0,927.0,927.0,927.0,927.0,927.0,927.0,6000.0,927.0,927.0,927.0,927.0
132,mp1-24.7.cnf.bz2,SAT_2017,4384.0,927.0,927.0,927.0,927.0,927.0,927.0,6000.0,927.0,927.0,927.0,927.0
133,mp1-24.0.cnf.bz2,SAT_2017,4384.0,927.0,927.0,927.0,927.0,927.0,927.0,6000.0,927.0,927.0,927.0,927.0
134,mp1-24.1.cnf.bz2,SAT_2017,4384.0,927.0,927.0,927.0,927.0,927.0,927.0,6000.0,927.0,927.0,927.0,927.0
135,mp1-24.2.cnf.bz2,SAT_2017,4384.0,927.0,927.0,927.0,927.0,927.0,927.0,6000.0,927.0,927.0,927.0,927.0
136,mp1-24.3.cnf.bz2,SAT_2017,4384.0,927.0,927.0,927.0,927.0,927.0,927.0,6000.0,927.0,927.0,927.0,927.0
137,mp1-24.4.cnf.bz2,SAT_2017,4384.0,927.0,927.0,927.0,927.0,927.0,927.0,6000.0,927.0,927.0,927.0,927.0
138,mp1-24.6.cnf.bz2,SAT_2017,4384.0,927.0,927.0,927.0,927.0,927.0,927.0,6000.0,927.0,927.0,927.0,927.0
139,g2-modgen-n200-m90860q08c40-6967.cnf.bz2,SAT_2017,2200.0,935.0,981.0,981.0,975.0,983.0,935.0,6000.0,972.0,975.0,972.0,983.0
140,g2-modgen-n200-m90860q08c40-29667.cnf.bz2,SAT_2017,2200.0,948.0,958.0,965.0,948.0,974.0,974.0,6000.0,987.0,948.0,978.0,978.0
141,g2-modgen-n200-m90860q08c40-13698.cnf.bz2,SAT_2017,2200.0,951.0,953.0,961.0,959.0,953.0,969.0,6000.0,951.0,952.0,961.0,975.0
142,g2-modgen-n200-m90860q08c40-16823.cnf.bz2,SAT_2017,2200.0,958.0,958.0,990.0,958.0,958.0,990.0,6000.0,958.0,958.0,958.0,990.0
143,g2-modgen-n200-m90860q08c40-3230.cnf.bz2,SAT_2017,2200.0,960.0,974.0,974.0,975.0,960.0,985.0,6000.0,984.0,992.0,974.0,984.0
144,mp1-9_11.cnf.bz2,SAT_2017,1458.0,1196.0,1196.0,1196.0,1196.0,1196.0,1196.0,6000.0,1196.0,1196.0,1196.0,1196.0
145,mp1-9_14.cnf.bz2,SAT_2017,1458.0,1196.0,1196.0,1196.0,1196.0,1196.0,1196.0,6000.0,1196.0,1196.0,1196.0,1196.0
146,mp1-9_19.cnf.bz2,SAT_2017,1458.0,1196.0,1196.0,1196.0,1196.0,1196.0,1196.0,6000.0,1196.0,1196.0,1196.0,1196.0
147,mp1-9_21.cnf.bz2,SAT_2017,1458.0,1196.0,1196.0,1196.0,1196.0,1196.0,1196.0,6000.0,1196.0,1196.0,1196.0,1196.0
148,mp1-9_22.cnf.bz2,SAT_2017,1458.0,1196.0,1196.0,1196.0,1196.0,1196.0,1196.0,6000.0,1196.0,1196.0,1196.0,1196.0
149,mp1-9_24.cnf.bz2,SAT_2017,1458.0,1196.0,1196.0,1196.0,1196.0,1196.0,1196.0,6000.0,1196.0,1196.0,1196.0,1196.0
150,mp1-9_25.cnf.bz2,SAT_2017,1458.0,1196.0,1196.0,1196.0,1196.0,1196.0,1196.0,6000.0,1196.0,1196.0,1196.0,1196.0
151,mp1-9_27.cnf.bz2,SAT_2017,1458.0,1196.0,1196.0,1196.0,1196.0,1196.0,1196.0,6000.0,1196.0,1196.0,1196.0,1196.0
152,mp1-9_29.cnf.bz2,SAT_2017,1458.0,1196.0,1196.0,1196.0,1196.0,1196.0,1196.0,6000.0,1196.0,1196.0,1196.0,1196.0
153,mp1-9_3.cnf.bz2,SAT_2017,1458.0,1196.0,1196.0,1196.0,1196.0,1196.0,1196.0,6000.0,1196.0,1196.0,1196.0,1196.0
154,mp1-9_31.cnf.bz2,SAT_2017,1458.0,1196.0,1196.0,1196.0,1196.0,1196.0,1196.0,6000.0,1196.0,1196.0,1196.0,1196.0
155,mp1-9_34.cnf.bz2,SAT_2017,1458.0,1196.0,1196.0,1196.0,1196.0,1196.0,1196.0,6000.0,1196.0,1196.0,1196.0,1196.0
156,mp1-9_38.cnf.bz2,SAT_2017,1458.0,1196.0,1196.0,1196.0,1196.0,1196.0,1196.0,6000.0,1196.0,1196.0,1196.0,1196.0
157,mp1-9_4.cnf.bz2,SAT_2017,1458.0,1196.0,1196.0,1196.0,1196.0,1196.0,1196.0,6000.0,1196.0,1196.0,1196.0,1196.0
158,mp1-9_44.cnf.bz2,SAT_2017,1458.0,1196.0,1196.0,1196.0,1196.0,1196.0,1196.0,6000.0,1196.0,1196.0,1196.0,1196.0
159,mp1-9_49.cnf.bz2,SAT_2017,1458.0,1196.0,1196.0,1196.0,1196.0,1196.0,1196.0,6000.0,1196.0,1196.0,1196.0,1196.0
160,mp1-9_50.cnf.bz2,SAT_2017,1458.0,1196.0,1196.0,1196.0,1196.0,1196.0,1196.0,6000.0,1196.0,1196.0,1196.0,1196.0
161,mp1-9_9.cnf.bz2,SAT_2017,1458.0,1196.0,1196.0,1196.0,1196.0,1196.0,1196.0,6000.0,1196.0,1196.0,1196.0,1196.0
162,mp1-9_1.cnf.bz2,SAT_2017,1458.0,1196.0,1196.0,1196.0,1196.0,1196.0,1196.0,6000.0,1196.0,1196.0,1196.0,1196.0
163,mp1-9_12.cnf.bz2,SAT_2017,1458.0,1196.0,1196.0,1196.0,1196.0,1196.0,1196.0,6000.0,1196.0,1196.0,1196.0,1196.0
164,mp1-blockpuzzle_5x10_s7_free4.cnf.bz2,SAT_2017,2700.0,1727.0,1729.0,1793.0,1791.0,1731.0,1791.0,6000.0,1795.0,1727.0,1795.0,1728.0
165,mp1-blockpuzzle_5x10_s5_free3.cnf.bz2,SAT_2017,2750.0,1767.0,1830.0,1830.0,1767.0,1772.0,1823.0,6000.0,1773.0,1774.0,1771.0,1826.0
166,mp1-blockpuzzle_5x10_s3_free4.cnf.bz2,SAT_2017,2750.0,1768.0,1774.0,1824.0,1768.0,1775.0,1771.0,6000.0,1779.0,1823.0,1771.0,1823.0
167,mp1-blockpuzzle_5x10_s8_free3.cnf.bz2,SAT_2017,2750.0,1769.0,1826.0,1826.0,1769.0,1774.0,1772.0,6000.0,1770.0,1773.0,1778.0,1780.0
168,mp1-blockpuzzle_5x10_s2_free5.cnf.bz2,SAT_2017,2850.0,1838.0,1890.0,1893.0,1844.0,1893.0,1852.0,6000.0,1856.0,1838.0,1842.0,1841.0
169,mp1-blockpuzzle_5x12_s6_free3.cnf.bz2,SAT_2017,3960.0,2501.0,2530.0,2519.0,2532.0,2522.0,2501.0,6000.0,2521.0,2538.0,2523.0,2519.0
170,mp1-ps_5000_21250_3_0_0.8_0_1.50_4.cnf.bz2,SAT_2017,4997.0,2607.0,2614.0,2637.0,2611.0,2625.0,2631.0,6000.0,2623.0,2607.0,2616.0,2607.0
171,mp1-ps_5000_21250_3_0_0.8_0_1.50_0.cnf.bz2,SAT_2017,4998.0,2608.0,2640.0,2625.0,2615.0,2608.0,2615.0,6000.0,2616.0,2635.0,2649.0,2623.0
172,mp1-ps_5000_21250_3_0_0.8_0_1.50_8.cnf.bz2,SAT_2017,4998.0,2609.0,2609.0,2631.0,2613.0,2618.0,2642.0,6000.0,2623.0,2622.0,2631.0,2615.0
173,mp1-ps_5000_21250_3_0_0.8_0_1.50_6.cnf.bz2,SAT_2017,4996.0,2631.0,2657.0,2657.0,2632.0,2631.0,2662.0,6000.0,2632.0,2651.0,2634.0,2636.0
174,mp1-ps_5000_21250_3_0_0.8_0_1.50_2.cnf.bz2,SAT_2017,4993.0,2642.0,2666.0,2642.0,2642.0,2687.0,2650.0,6000.0,2644.0,2650.0,2655.0,2661.0
175,mp1-ps_5000_21250_3_0_0.8_0_1.55_0.cnf.bz2,SAT_2017,5000.0,2658.0,2703.0,2688.0,2669.0,2689.0,2682.0,6000.0,2658.0,2680.0,2700.0,2697.0
176,mp1-ps_5000_21250_3_0_0.8_0_1.55_4.cnf.bz2,SAT_2017,4998.0,2660.0,2675.0,2660.0,2665.0,2682.0,2674.0,6000.0,2667.0,2662.0,2670.0,2692.0
177,mp1-ps_5000_21250_3_0_0.8_0_1.55_2.cnf.bz2,SAT_2017,4995.0,2664.0,2669.0,2679.0,2678.0,2696.0,2667.0,6000.0,2704.0,2664.0,2683.0,2688.0
178,mp1-ps_5000_21250_3_0_0.8_0_1.55_8.cnf.bz2,SAT_2017,5000.0,2674.0,2694.0,2674.0,2681.0,2713.0,2717.0,6000.0,2709.0,2682.0,2723.0,2710.0
179,mp1-ps_5000_21250_3_0_0.8_0_1.55_6.cnf.bz2,SAT_2017,4997.0,2682.0,2704.0,2699.0,2682.0,2689.0,2702.0,6000.0,2709.0,2686.0,2692.0,2702.0
180,mp1-ps_5000_21250_3_0_0.8_0_1.60_4.cnf.bz2,SAT_2017,4998.0,2709.0,2734.0,2710.0,2709.0,2738.0,2711.0,6000.0,2734.0,2727.0,2715.0,2719.0
181,mp1-ps_5000_21250_3_0_0.8_0_1.60_0.cnf.bz2,SAT_2017,4998.0,2712.0,2721.0,2726.0,2729.0,2736.0,2712.0,6000.0,2733.0,2755.0,2723.0,2749.0
182,mp1-ps_5000_21250_3_0_0.8_0_1.60_8.cnf.bz2,SAT_2017,4993.0,2714.0,2717.0,2714.0,2743.0,2723.0,2735.0,6000.0,2726.0,2738.0,2731.0,2738.0
183,mp1-ps_5000_21250_3_0_0.8_0_1.60_6.cnf.bz2,SAT_2017,4998.0,2716.0,2738.0,2731.0,2732.0,2727.0,2730.0,6000.0,2738.0,2724.0,2716.0,2726.0
184,mp1-ps_5000_21250_3_0_0.8_0_1.60_2.cnf.bz2,SAT_2017,5000.0,2725.0,2762.0,2748.0,2732.0,2735.0,2746.0,6000.0,2747.0,2752.0,2725.0,2750.0
185,mp1-ps_5000_21250_3_0_0.7_0_1.45_8.cnf.bz2,SAT_2017,4998.0,2764.0,2772.0,2790.0,2770.0,2764.0,2765.0,6000.0,2767.0,2793.0,2804.0,2788.0
186,mp1-ps_5000_21250_3_0_0.7_0_1.45_4.cnf.bz2,SAT_2017,4999.0,2767.0,2767.0,2802.0,2786.0,2792.0,2780.0,6000.0,2779.0,2776.0,2776.0,2790.0
187,mp1-ps_5000_21250_3_0_0.7_0_1.45_2.cnf.bz2,SAT_2017,4999.0,2773.0,2789.0,2779.0,2791.0,2797.0,2793.0,6000.0,2792.0,2780.0,2773.0,2802.0
188,mp1-ps_5000_21250_3_0_0.7_0_1.45_0.cnf.bz2,SAT_2017,4997.0,2773.0,2797.0,2782.0,2787.0,2796.0,2773.0,6000.0,2802.0,2776.0,2797.0,2793.0
189,mp1-ps_5000_21250_3_0_0.7_0_1.50_4.cnf.bz2,SAT_2017,5000.0,2776.0,2796.0,2789.0,2807.0,2807.0,2808.0,6000.0,2776.0,2781.0,2809.0,2817.0
190,mp1-ps_5000_21250_3_0_0.7_0_1.45_6.cnf.bz2,SAT_2017,5000.0,2778.0,2786.0,2787.0,2788.0,2784.0,2782.0,6000.0,2791.0,2789.0,2778.0,2783.0
191,mp1-ps_5000_21250_3_0_0.8_0_1.70_8.cnf.bz2,SAT_2017,5000.0,2782.0,2803.0,2793.0,2782.0,2816.0,2787.0,6000.0,2801.0,2798.0,2794.0,2800.0
192,mp1-ps_5000_21250_3_0_0.8_0_1.70_2.cnf.bz2,SAT_2017,4998.0,2787.0,2816.0,2787.0,2825.0,2817.0,2795.0,6000.0,2800.0,2796.0,2791.0,2787.0
193,mp1-ps_5000_21250_3_0_0.8_0_1.70_6.cnf.bz2,SAT_2017,4999.0,2798.0,2827.0,2798.0,2813.0,2822.0,2804.0,6000.0,2825.0,2832.0,2809.0,2827.0
194,mp1-ps_5000_21250_3_0_0.7_0_1.50_8.cnf.bz2,SAT_2017,4999.0,2798.0,2840.0,2827.0,2818.0,2816.0,2823.0,6000.0,2798.0,2807.0,2817.0,2830.0
195,mp1-ps_5000_21250_3_0_0.8_0_1.70_0.cnf.bz2,SAT_2017,4999.0,2801.0,2817.0,2828.0,2846.0,2839.0,2846.0,6000.0,2806.0,2832.0,2828.0,2801.0
196,mp1-ps_5000_21250_3_0_0.8_0_1.70_4.cnf.bz2,SAT_2017,5000.0,2812.0,2818.0,2837.0,2830.0,2833.0,2842.0,6000.0,2824.0,2825.0,2812.0,2854.0
197,mp1-ps_5000_21250_3_0_0.7_0_1.50_6.cnf.bz2,SAT_2017,5000.0,2815.0,2849.0,2839.0,2848.0,2836.0,2823.0,6000.0,2851.0,2817.0,2858.0,2815.0
198,mp1-ps_5000_21250_3_0_0.7_0_1.50_2.cnf.bz2,SAT_2017,4999.0,2820.0,2830.0,2853.0,2830.0,2856.0,2853.0,6000.0,2851.0,2820.0,2855.0,2831.0
199,mp1-ps_5000_21250_3_0_0.7_0_1.50_0.cnf.bz2,SAT_2017,4998.0,2821.0,2837.0,2841.0,2854.0,2833.0,2851.0,6000.0,2821.0,2873.0,2862.0,2861.0
200,mp1-blockpuzzle_8x8_s1_free4.cnf.bz2,SAT_2017,4480.0,2848.0,2855.0,2866.0,2851.0,2855.0,2857.0,6000.0,2862.0,2863.0,2849.0,2848.0
201,mp1-ps_5000_21250_3_0_0.6_0_1.45_8.cnf.bz2,SAT_2017,5000.0,2928.0,2940.0,2945.0,2946.0,2930.0,2955.0,6000.0,2940.0,2961.0,2949.0,2928.0
202,mp1-ps_5000_21250_3_0_0.6_0_1.45_6.cnf.bz2,SAT_2017,5000.0,2940.0,2969.0,2987.0,2972.0,2961.0,2940.0,6000.0,2959.0,2967.0,2992.0,2947.0
203,mp1-ps_5000_21250_3_0_0.6_0_1.45_0.cnf.bz2,SAT_2017,5000.0,2940.0,2985.0,2984.0,2966.0,2950.0,2964.0,6000.0,2958.0,2978.0,2940.0,2975.0
204,mp1-ps_5000_21250_3_0_0.6_0_1.50_4.cnf.bz2,SAT_2017,4999.0,2962.0,2989.0,2962.0,2974.0,2979.0,2989.0,6000.0,2968.0,2982.0,2977.0,2980.0
205,mp1-ps_5000_21250_3_0_0.6_0_1.45_4.cnf.bz2,SAT_2017,4998.0,2962.0,2972.0,2983.0,2964.0,2975.0,2982.0,6000.0,2975.0,2962.0,2980.0,2991.0
206,mp1-ps_5000_21250_3_0_0.6_0_1.50_0.cnf.bz2,SAT_2017,5000.0,2972.0,2976.0,3001.0,2999.0,3000.0,2972.0,6000.0,2979.0,3004.0,2977.0,2998.0
207,mp1-ps_5000_21250_3_0_0.6_0_1.45_2.cnf.bz2,SAT_2017,4999.0,2972.0,2988.0,3004.0,2974.0,2975.0,2988.0,6000.0,3003.0,3006.0,2972.0,2982.0
208,mp1-ps_5000_21250_3_0_0.6_0_1.50_2.cnf.bz2,SAT_2017,5000.0,2978.0,2987.0,2988.0,2978.0,3019.0,3017.0,6000.0,3016.0,3006.0,3006.0,2992.0
209,mp1-ps_5000_21250_3_0_0.6_0_1.50_6.cnf.bz2,SAT_2017,5000.0,2980.0,3014.0,2984.0,2998.0,2980.0,2997.0,6000.0,3022.0,3004.0,2990.0,2989.0
210,mp1-ps_5000_21250_3_0_0.6_0_1.50_8.cnf.bz2,SAT_2017,5000.0,2983.0,2990.0,2990.0,2983.0,2984.0,3015.0,6000.0,3006.0,2991.0,2985.0,3009.0
211,mp1-blockpuzzle_7x10_s10_free4.cnf.bz2,SAT_2017,5180.0,3327.0,3333.0,3335.0,3327.0,3331.0,3331.0,6000.0,3336.0,3332.0,3331.0,3350.0
212,mp1-blockpuzzle_7x10_s9_free6.cnf.bz2,SAT_2017,5320.0,3423.0,3427.0,3431.0,3423.0,3443.0,3425.0,6000.0,3427.0,3431.0,3423.0,3433.0
213,mp1-blockpuzzle_7x10_s7_free8.cnf.bz2,SAT_2017,5530.0,3572.0,3588.0,3581.0,3579.0,3584.0,3582.0,6000.0,3581.0,3572.0,3595.0,3579.0
214,g2-ACG-15-10p1.cnf.bz2,SAT_2017,6000.0,6000.0,6000.0,6000.0,6000.0,6000.0,6000.0,6000.0,6000.0,6000.0,6000.0,6000.0
215,g2-ACG-20-10p1.cnf.bz2,SAT_2017,6000.0,6000.0,6000.0,6000.0,6000.0,6000.0,6000.0,6000.0,6000.0,6000.0,6000.0,6000.0
216,g2-ACG-20-5p1.cnf.bz2,SAT_2017,6000.0,6000.0,6000.0,6000.0,6000.0,6000.0,6000.0,6000.0,6000.0,6000.0,6000.0,6000.0
217,g2-ak128astepbg1btisc.cnf.bz2,SAT_2017,6000.0,6000.0,6000.0,6000.0,6000.0,6000.0,6000.0,6000.0,6000.0,6000.0,6000.0,6000.0
218,g2-ak128astepbg2asisc.cnf.bz2,SAT_2017,6000.0,6000.0,6000.0,6000.0,6000.0,6000.0,6000.0,6000.0,6000.0,6000.0,6000.0,6000.0
219,g2-ak128astepbg2msaig.cnf.bz2,SAT_2017,6000.0,6000.0,6000.0,6000.0,6000.0,6000.0,6000.0,6000.0,6000.0,6000.0,6000.0,6000.0
220,g2-ak128astepbg2msisc.cnf.bz2,SAT_2017,6000.0,6000.0,6000.0,6000.0,6000.0,6000.0,6000.0,6000.0,6000.0,6000.0,6000.0,6000.0
221,g2-ak128astepmodasaig.cnf.bz2,SAT_2017,6000.0,6000.0,6000.0,6000.0,6000.0,6000.0,6000.0,6000.0,6000.0,6000.0,6000.0,6000.0
222,g2-ak128astepmodbtisc.cnf.bz2,SAT_2017,6000.0,6000.0,6000.0,6000.0,6000.0,6000.0,6000.0,6000.0,6000.0,6000.0,6000.0,6000.0
223,g2-ak128boothbg1btisc.cnf.bz2,SAT_2017,6000.0,6000.0,6000.0,6000.0,6000.0,6000.0,6000.0,6000.0,6000.0,6000.0,6000.0,6000.0
224,g2-ak128boothbg2asisc.cnf.bz2,SAT_2017,6000.0,6000.0,6000.0,6000.0,6000.0,6000.0,6000.0,6000.0,6000.0,6000.0,6000.0,6000.0
225,g2-ak128boothbg2msaig.cnf.bz2,SAT_2017,6000.0,6000.0,6000.0,6000.0,6000.0,6000.0,6000.0,6000.0,6000.0,6000.0,6000.0,6000.0
226,g2-ak128boothbg2msisc.cnf.bz2,SAT_2017,6000.0,6000.0,6000.0,6000.0,6000.0,6000.0,6000.0,6000.0,6000.0,6000.0,6000.0,6000.0
227,g2-ak128boothboothisc.cnf.bz2,SAT_2017,6000.0,6000.0,6000.0,6000.0,6000.0,6000.0,6000.0,6000.0,6000.0,6000.0,6000.0,6000.0
228,g2-ak128boothdiagoaig.cnf.bz2,SAT_2017,6000.0,6000.0,6000.0,6000.0,6000.0,6000.0,6000.0,6000.0,6000.0,6000.0,6000.0,6000.0
229,g2-ak128boothmodasaig.cnf.bz2,SAT_2017,6000.0,6000.0,6000.0,6000.0,6000.0,6000.0,6000.0,6000.0,6000.0,6000.0,6000.0,6000.0
230,g2-ak128diagobg1btaig.cnf.bz2,SAT_2017,6000.0,6000.0,6000.0,6000.0,6000.0,6000.0,6000.0,6000.0,6000.0,6000.0,6000.0,6000.0
231,g2-ak128diagobg2asaig.cnf.bz2,SAT_2017,6000.0,6000.0,6000.0,6000.0,6000.0,6000.0,6000.0,6000.0,6000.0,6000.0,6000.0,6000.0
232,g2-ak128diagodiagoisc.cnf.bz2,SAT_2017,6000.0,6000.0,6000.0,6000.0,6000.0,6000.0,6000.0,6000.0,6000.0,6000.0,6000.0,6000.0
233,g2-ak128modasbg1msisc.cnf.bz2,SAT_2017,6000.0,6000.0,6000.0,6000.0,6000.0,6000.0,6000.0,6000.0,6000.0,6000.0,6000.0,6000.0
234,g2-ak128modasbg1sbisc.cnf.bz2,SAT_2017,6000.0,6000.0,6000.0,6000.0,6000.0,6000.0,6000.0,6000.0,6000.0,6000.0,6000.0,6000.0
235,g2-ak128modasmodasisc.cnf.bz2,SAT_2017,6000.0,6000.0,6000.0,6000.0,6000.0,6000.0,6000.0,6000.0,6000.0,6000.0,6000.0,6000.0
236,g2-ak128modbtbg1asaig.cnf.bz2,SAT_2017,6000.0,6000.0,6000.0,6000.0,6000.0,6000.0,6000.0,6000.0,6000.0,6000.0,6000.0,6000.0
237,g2-ak128modbtbg1asisc.cnf.bz2,SAT_2017,6000.0,6000.0,6000.0,6000.0,6000.0,6000.0,6000.0,6000.0,6000.0,6000.0,6000.0,6000.0
238,g2-ak128modbtbg1btaig.cnf.bz2,SAT_2017,6000.0,6000.0,6000.0,6000.0,6000.0,6000.0,6000.0,6000.0,6000.0,6000.0,6000.0,6000.0
239,g2-ak128modbtbg2msisc.cnf.bz2,SAT_2017,6000.0,6000.0,6000.0,6000.0,6000.0,6000.0,6000.0,6000.0,6000.0,6000.0,6000.0,6000.0
240,g2-ak128modbtsimpbaig.cnf.bz2,SAT_2017,6000.0,6000.0,6000.0,6000.0,6000.0,6000.0,6000.0,6000.0,6000.0,6000.0,6000.0,6000.0
241,g2-ak128paralbg1sbisc.cnf.bz2,SAT_2017,6000.0,6000.0,6000.0,6000.0,6000.0,6000.0,6000.0,6000.0,6000.0,6000.0,6000.0,6000.0
242,g2-ak128paralbg2asaig.cnf.bz2,SAT_2017,6000.0,6000.0,6000.0,6000.0,6000.0,6000.0,6000.0,6000.0,6000.0,6000.0,6000.0,6000.0
243,g2-ak128paralparalisc.cnf.bz2,SAT_2017,6000.0,6000.0,6000.0,6000.0,6000.0,6000.0,6000.0,6000.0,6000.0,6000.0,6000.0,6000.0
244,g2-ak128paralsimpbaig.cnf.bz2,SAT_2017,6000.0,6000.0,6000.0,6000.0,6000.0,6000.0,6000.0,6000.0,6000.0,6000.0,6000.0,6000.0
245,g2-ak128simpbbg1sbisc.cnf.bz2,SAT_2017,6000.0,6000.0,6000.0,6000.0,6000.0,6000.0,6000.0,6000.0,6000.0,6000.0,6000.0,6000.0
246,g2-ak128simpbbg2asaig.cnf.bz2,SAT_2017,6000.0,6000.0,6000.0,6000.0,6000.0,6000.0,6000.0,6000.0,6000.0,6000.0,6000.0,6000.0
247,g2-hwmcc15deep-6s188-k44.cnf.bz2,SAT_2017,6000.0,6000.0,6000.0,6000.0,6000.0,6000.0,6000.0,6000.0,6000.0,6000.0,6000.0,6000.0
248,g2-hwmcc15deep-6s188-k46.cnf.bz2,SAT_2017,6000.0,6000.0,6000.0,6000.0,6000.0,6000.0,6000.0,6000.0,6000.0,6000.0,6000.0,6000.0
249,g2-hwmcc15deep-6s340rb63-k16.cnf.bz2,SAT_2017,6000.0,6000.0,6000.0,6000.0,6000.0,6000.0,6000.0,6000.0,6000.0,6000.0,6000.0,6000.0
250,g2-hwmcc15deep-6s340rb63-k22.cnf.bz2,SAT_2017,6000.0,6000.0,6000.0,6000.0,6000.0,6000.0,6000.0,6000.0,6000.0,6000.0,6000.0,6000.0
251,g2-hwmcc15deep-6s341r-k16.cnf.bz2,SAT_2017,6000.0,6000.0,6000.0,6000.0,6000.0,6000.0,6000.0,6000.0,6000.0,6000.0,6000.0,6000.0
252,g2-hwmcc15deep-6s341r-k19.cnf.bz2,SAT_2017,6000.0,6000.0,6000.0,6000.0,6000.0,6000.0,6000.0,6000.0,6000.0,6000.0,6000.0,6000.0
253,g2-hwmcc15deep-6s366r-k72.cnf.bz2,SAT_2017,6000.0,6000.0,6000.0,6000.0,6000.0,6000.0,6000.0,6000.0,6000.0,6000.0,6000.0,6000.0
254,g2-hwmcc15deep-6s44-k38.cnf.bz2,SAT_2017,6000.0,6000.0,6000.0,6000.0,6000.0,6000.0,6000.0,6000.0,6000.0,6000.0,6000.0,6000.0
255,g2-hwmcc15deep-6s44-k40.cnf.bz2,SAT_2017,6000.0,6000.0,6000.0,6000.0,6000.0,6000.0,6000.0,6000.0,6000.0,6000.0,6000.0,6000.0
256,g2-hwmcc15deep-beembkry8b1-k45.cnf.bz2,SAT_2017,6000.0,6000.0,6000.0,6000.0,6000.0,6000.0,6000.0,6000.0,6000.0,6000.0,6000.0,6000.0
257,g2-hwmcc15deep-beemcmbrdg7f2-k32.cnf.bz2,SAT_2017,6000.0,6000.0,6000.0,6000.0,6000.0,6000.0,6000.0,6000.0,6000.0,6000.0,6000.0,6000.0
258,g2-hwmcc15deep-beemfwt4b1-k48.cnf.bz2,SAT_2017,6000.0,6000.0,6000.0,6000.0,6000.0,6000.0,6000.0,6000.0,6000.0,6000.0,6000.0,6000.0
259,g2-hwmcc15deep-beemhanoi4b1-k32.cnf.bz2,SAT_2017,6000.0,6000.0,6000.0,6000.0,6000.0,6000.0,6000.0,6000.0,6000.0,6000.0,6000.0,6000.0
260,g2-hwmcc15deep-beemhanoi4b1-k37.cnf.bz2,SAT_2017,6000.0,6000.0,6000.0,6000.0,6000.0,6000.0,6000.0,6000.0,6000.0,6000.0,6000.0,6000.0
261,g2-hwmcc15deep-beemlifts3b1-k29.cnf.bz2,SAT_2017,6000.0,6000.0,6000.0,6000.0,6000.0,6000.0,6000.0,6000.0,6000.0,6000.0,6000.0,6000.0
262,g2-hwmcc15deep-beemloyd3b1-k31.cnf.bz2,SAT_2017,6000.0,6000.0,6000.0,6000.0,6000.0,6000.0,6000.0,6000.0,6000.0,6000.0,6000.0,6000.0
263,g2-hwmcc15deep-bob12s02-k16.cnf.bz2,SAT_2017,6000.0,6000.0,6000.0,6000.0,6000.0,6000.0,6000.0,6000.0,6000.0,6000.0,6000.0,6000.0
264,g2-hwmcc15deep-bob12s02-k17.cnf.bz2,SAT_2017,6000.0,6000.0,6000.0,6000.0,6000.0,6000.0,6000.0,6000.0,6000.0,6000.0,6000.0,6000.0
265,g2-hwmcc15deep-bobpcihm-k30.cnf.bz2,SAT_2017,6000.0,6000.0,6000.0,6000.0,6000.0,6000.0,6000.0,6000.0,6000.0,6000.0,6000.0,6000.0
266,g2-hwmcc15deep-bobpcihm-k31.cnf.bz2,SAT_2017,6000.0,6000.0,6000.0,6000.0,6000.0,6000.0,6000.0,6000.0,6000.0,6000.0,6000.0,6000.0
267,g2-hwmcc15deep-bobpcihm-k32.cnf.bz2,SAT_2017,6000.0,6000.0,6000.0,6000.0,6000.0,6000.0,6000.0,6000.0,6000.0,6000.0,6000.0,6000.0
268,g2-hwmcc15deep-bobpcihm-k33.cnf.bz2,SAT_2017,6000.0,6000.0,6000.0,6000.0,6000.0,6000.0,6000.0,6000.0,6000.0,6000.0,6000.0,6000.0
269,g2-hwmcc15deep-intel032-k84.cnf.bz2,SAT_2017,6000.0,6000.0,6000.0,6000.0,6000.0,6000.0,6000.0,6000.0,6000.0,6000.0,6000.0,6000.0
270,g2-hwmcc15deep-intel065-k11.cnf.bz2,SAT_2017,6000.0,6000.0,6000.0,6000.0,6000.0,6000.0,6000.0,6000.0,6000.0,6000.0,6000.0,6000.0
271,g2-hwmcc15deep-oski15a10b06s-k24.cnf.bz2,SAT_2017,6000.0,6000.0,6000.0,6000.0,6000.0,6000.0,6000.0,6000.0,6000.0,6000.0,6000.0,6000.0
272,g2-hwmcc15deep-oski15a10b08s-k23.cnf.bz2,SAT_2017,6000.0,6000.0,6000.0,6000.0,6000.0,6000.0,6000.0,6000.0,6000.0,6000.0,6000.0,6000.0
273,g2-hwmcc15deep-oski15a10b10s-k20.cnf.bz2,SAT_2017,6000.0,6000.0,6000.0,6000.0,6000.0,6000.0,6000.0,6000.0,6000.0,6000.0,6000.0,6000.0
274,g2-hwmcc15deep-oski15a10b10s-k22.cnf.bz2,SAT_2017,6000.0,6000.0,6000.0,6000.0,6000.0,6000.0,6000.0,6000.0,6000.0,6000.0,6000.0,6000.0
275,g2-hwmcc15deep-oski15a14b04s-k16.cnf.bz2,SAT_2017,6000.0,6000.0,6000.0,6000.0,6000.0,6000.0,6000.0,6000.0,6000.0,6000.0,6000.0,6000.0
276,g2-hwmcc15deep-oski15a14b30s-k24.cnf.bz2,SAT_2017,6000.0,6000.0,6000.0,6000.0,6000.0,6000.0,6000.0,6000.0,6000.0,6000.0,6000.0,6000.0
277,g2-mult1.c.50.smt2-cvc4.cnf.bz2,SAT_2017,6000.0,6000.0,6000.0,6000.0,6000.0,6000.0,6000.0,6000.0,6000.0,6000.0,6000.0,6000.0
278,g2-newton.8.3.i.smt2-cvc4.cnf.bz2,SAT_2017,6000.0,6000.0,6000.0,6000.0,6000.0,6000.0,6000.0,6000.0,6000.0,6000.0,6000.0,6000.0
279,g2-slp-synthesis-aes-top24.cnf.bz2,SAT_2017,65983.0,6000.0,6000.0,6000.0,6000.0,6000.0,6000.0,6000.0,6000.0,6000.0,6000.0,6000.0
280,g2-slp-synthesis-aes-top26.cnf.bz2,SAT_2017,6000.0,6000.0,6000.0,6000.0,6000.0,6000.0,6000.0,6000.0,6000.0,6000.0,6000.0,6000.0
281,g2-slp-synthesis-aes-top28.cnf.bz2,SAT_2017,6000.0,6000.0,6000.0,6000.0,6000.0,6000.0,6000.0,6000.0,6000.0,6000.0,6000.0,6000.0
282,g2-slp-synthesis-aes-top29.cnf.bz2,SAT_2017,6000.0,6000.0,6000.0,6000.0,6000.0,6000.0,6000.0,6000.0,6000.0,6000.0,6000.0,6000.0
283,g2-slp-synthesis-aes-top30.cnf.bz2,SAT_2017,6000.0,6000.0,6000.0,6000.0,6000.0,6000.0,6000.0,6000.0,6000.0,6000.0,6000.0,6000.0
284,g2-T1.2.1.cnf.bz2,SAT_2017,6000.0,6000.0,6000.0,6000.0,6000.0,6000.0,6000.0,6000.0,6000.0,6000.0,6000.0,6000.0
285,g2-T100.2.0.cnf.bz2,SAT_2017,6000.0,6000.0,6000.0,6000.0,6000.0,6000.0,6000.0,6000.0,6000.0,6000.0,6000.0,6000.0
286,g2-T101.2.0.cnf.bz2,SAT_2017,6000.0,6000.0,6000.0,6000.0,6000.0,6000.0,6000.0,6000.0,6000.0,6000.0,6000.0,6000.0
287,g2-T102.2.1.cnf.bz2,SAT_2017,6000.0,6000.0,6000.0,6000.0,6000.0,6000.0,6000.0,6000.0,6000.0,6000.0,6000.0,6000.0
288,g2-T103.2.1.cnf.bz2,SAT_2017,6000.0,6000.0,6000.0,6000.0,6000.0,6000.0,6000.0,6000.0,6000.0,6000.0,6000.0,6000.0
289,g2-T104.1.0.cnf.bz2,SAT_2017,6000.0,6000.0,6000.0,6000.0,6000.0,6000.0,6000.0,6000.0,6000.0,6000.0,6000.0,6000.0
290,g2-T105.2.1.cnf.bz2,SAT_2017,6000.0,6000.0,6000.0,6000.0,6000.0,6000.0,6000.0,6000.0,6000.0,6000.0,6000.0,6000.0
291,g2-T106.2.0.cnf.bz2,SAT_2017,6000.0,6000.0,6000.0,6000.0,6000.0,6000.0,6000.0,6000.0,6000.0,6000.0,6000.0,6000.0
292,g2-T108.2.1.cnf.bz2,SAT_2017,6000.0,6000.0,6000.0,6000.0,6000.0,6000.0,6000.0,6000.0,6000.0,6000.0,6000.0,6000.0
293,g2-T109.2.0.cnf.bz2,SAT_2017,6000.0,6000.0,6000.0,6000.0,6000.0,6000.0,6000.0,6000.0,6000.0,6000.0,6000.0,6000.0
294,g2-T110.2.1.cnf.bz2,SAT_2017,6000.0,6000.0,6000.0,6000.0,6000.0,6000.0,6000.0,6000.0,6000.0,6000.0,6000.0,6000.0
295,g2-T112.1.0.cnf.bz2,SAT_2017,6000.0,6000.0,6000.0,6000.0,6000.0,6000.0,6000.0,6000.0,6000.0,6000.0,6000.0,6000.0
296,g2-T118.2.1.cnf.bz2,SAT_2017,6000.0,6000.0,6000.0,6000.0,6000.0,6000.0,6000.0,6000.0,6000.0,6000.0,6000.0,6000.0
297,g2-T122.1.0.cnf.bz2,SAT_2017,6000.0,6000.0,6000.0,6000.0,6000.0,6000.0,6000.0,6000.0,6000.0,6000.0,6000.0,6000.0
298,g2-T124.2.0.cnf.bz2,SAT_2017,6000.0,6000.0,6000.0,6000.0,6000.0,6000.0,6000.0,6000.0,6000.0,6000.0,6000.0,6000.0
299,g2-T124.2.1.cnf.bz2,SAT_2017,6000.0,6000.0,6000.0,6000.0,6000.0,6000.0,6000.0,6000.0,6000.0,6000.0,6000.0,6000.0
300,g2-T133.2.1.cnf.bz2,SAT_2017,6000.0,6000.0,6000.0,6000.0,6000.0,6000.0,6000.0,6000.0,6000.0,6000.0,6000.0,6000.0
301,g2-T135.1.1.cnf.bz2,SAT_2017,6000.0,6000.0,6000.0,6000.0,6000.0,6000.0,6000.0,6000.0,6000.0,6000.0,6000.0,6000.0
302,g2-T141.1.0.cnf.bz2,SAT_2017,6000.0,6000.0,6000.0,6000.0,6000.0,6000.0,6000.0,6000.0,6000.0,6000.0,6000.0,6000.0
303,g2-T154.1.0.cnf.bz2,SAT_2017,6000.0,6000.0,6000.0,6000.0,6000.0,6000.0,6000.0,6000.0,6000.0,6000.0,6000.0,6000.0
304,g2-T155.1.0.cnf.bz2,SAT_2017,6000.0,6000.0,6000.0,6000.0,6000.0,6000.0,6000.0,6000.0,6000.0,6000.0,6000.0,6000.0
305,g2-T169.1.0.cnf.bz2,SAT_2017,6000.0,6000.0,6000.0,6000.0,6000.0,6000.0,6000.0,6000.0,6000.0,6000.0,6000.0,6000.0
306,g2-T169.2.0.cnf.bz2,SAT_2017,6000.0,6000.0,6000.0,6000.0,6000.0,6000.0,6000.0,6000.0,6000.0,6000.0,6000.0,6000.0
307,g2-T49.2.0.cnf.bz2,SAT_2017,6000.0,6000.0,6000.0,6000.0,6000.0,6000.0,6000.0,6000.0,6000.0,6000.0,6000.0,6000.0
308,g2-T50.2.0.cnf.bz2,SAT_2017,6000.0,6000.0,6000.0,6000.0,6000.0,6000.0,6000.0,6000.0,6000.0,6000.0,6000.0,6000.0
309,g2-T55.2.0.cnf.bz2,SAT_2017,6000.0,6000.0,6000.0,6000.0,6000.0,6000.0,6000.0,6000.0,6000.0,6000.0,6000.0,6000.0
310,g2-T58.2.0.cnf.bz2,SAT_2017,6000.0,6000.0,6000.0,6000.0,6000.0,6000.0,6000.0,6000.0,6000.0,6000.0,6000.0,6000.0
311,g2-T65.2.0.cnf.bz2,SAT_2017,6000.0,6000.0,6000.0,6000.0,6000.0,6000.0,6000.0,6000.0,6000.0,6000.0,6000.0,6000.0
312,g2-T65.2.1.cnf.bz2,SAT_2017,6000.0,6000.0,6000.0,6000.0,6000.0,6000.0,6000.0,6000.0,6000.0,6000.0,6000.0,6000.0
313,g2-T75.2.0.cnf.bz2,SAT_2017,6000.0,6000.0,6000.0,6000.0,6000.0,6000.0,6000.0,6000.0,6000.0,6000.0,6000.0,6000.0
314,g2-T81.2.1.cnf.bz2,SAT_2017,6000.0,6000.0,6000.0,6000.0,6000.0,6000.0,6000.0,6000.0,6000.0,6000.0,6000.0,6000.0
315,g2-T83.2.1.cnf.bz2,SAT_2017,6000.0,6000.0,6000.0,6000.0,6000.0,6000.0,6000.0,6000.0,6000.0,6000.0,6000.0,6000.0
316,g2-T85.2.1.cnf.bz2,SAT_2017,6000.0,6000.0,6000.0,6000.0,6000.0,6000.0,6000.0,6000.0,6000.0,6000.0,6000.0,6000.0
317,g2-T88.2.1.cnf.bz2,SAT_2017,6000.0,6000.0,6000.0,6000.0,6000.0,6000.0,6000.0,6000.0,6000.0,6000.0,6000.0,6000.0
318,g2-T89.2.1.cnf.bz2,SAT_2017,6000.0,6000.0,6000.0,6000.0,6000.0,6000.0,6000.0,6000.0,6000.0,6000.0,6000.0,6000.0
319,g2-T93.2.1.cnf.bz2,SAT_2017,6000.0,6000.0,6000.0,6000.0,6000.0,6000.0,6000.0,6000.0,6000.0,6000.0,6000.0,6000.0
320,g2-T96.1.1.cnf.bz2,SAT_2017,6000.0,6000.0,6000.0,6000.0,6000.0,6000.0,6000.0,6000.0,6000.0,6000.0,6000.0,6000.0
321,g2-T97.2.1.cnf.bz2,SAT_2017,6000.0,6000.0,6000.0,6000.0,6000.0,6000.0,6000.0,6000.0,6000.0,6000.0,6000.0,6000.0
322,g2-T99.2.0.cnf.bz2,SAT_2017,6000.0,6000.0,6000.0,6000.0,6000.0,6000.0,6000.0,6000.0,6000.0,6000.0,6000.0,6000.0
323,g2-T99.2.1.cnf.bz2,SAT_2017,6000.0,6000.0,6000.0,6000.0,6000.0,6000.0,6000.0,6000.0,6000.0,6000.0,6000.0,6000.0
324,g2-test_v5_r10_vr10_c1_s21502.smt2-cvc4.cnf.bz2,SAT_2017,6000.0,6000.0,6000.0,6000.0,6000.0,6000.0,6000.0,6000.0,6000.0,6000.0,6000.0,6000.0
325,g2-test_v7_r7_vr5_c1_s14675.smt2-cvc4.cnf.bz2,SAT_2017,6000.0,6000.0,6000.0,6000.0,6000.0,6000.0,6000.0,6000.0,6000.0,6000.0,6000.0,6000.0
326,g2-UCG-15-10p1.cnf.bz2,SAT_2017,6000.0,6000.0,6000.0,6000.0,6000.0,6000.0,6000.0,6000.0,6000.0,6000.0,6000.0,6000.0
327,g2-UCG-20-10p1.cnf.bz2,SAT_2017,6000.0,6000.0,6000.0,6000.0,6000.0,6000.0,6000.0,6000.0,6000.0,6000.0,6000.0,6000.0
328,g2-UCG-20-5p1.cnf.bz2,SAT_2017,6000.0,6000.0,6000.0,6000.0,6000.0,6000.0,6000.0,6000.0,6000.0,6000.0,6000.0,6000.0
329,g2-UR-20-10p1.cnf.bz2,SAT_2017,6000.0,6000.0,6000.0,6000.0,6000.0,6000.0,6000.0,6000.0,6000.0,6000.0,6000.0,6000.0
330,g2-UR-20-5p1.cnf.bz2,SAT_2017,6000.0,6000.0,6000.0,6000.0,6000.0,6000.0,6000.0,6000.0,6000.0,6000.0,6000.0,6000.0
331,g2-UTI-20-10p1.cnf.bz2,SAT_2017,6000.0,6000.0,6000.0,6000.0,6000.0,6000.0,6000.0,6000.0,6000.0,6000.0,6000.0,6000.0
332,g2-UTI-20-5p1.cnf.bz2,SAT_2017,6000.0,6000.0,6000.0,6000.0,6000.0,6000.0,6000.0,6000.0,6000.0,6000.0,6000.0,6000.0
333,mp1-blockpuzzle_9x9_s1_free7.cnf.bz2,SAT_2017,7209.0,6000.0,6000.0,6000.0,6000.0,6000.0,6000.0,6000.0,6000.0,6000.0,6000.0,6000.0
334,mp1-blockpuzzle_9x9_s1_free8.cnf.bz2,SAT_2017,7290.0,6000.0,6000.0,6000.0,6000.0,6000.0,6000.0,6000.0,6000.0,6000.0,6000.0,6000.0
335,mp1-blockpuzzle_9x9_s1_free9.cnf.bz2,SAT_2017,7371.0,6000.0,6000.0,6000.0,6000.0,6000.0,6000.0,6000.0,6000.0,6000.0,6000.0,6000.0
336,mp1-blockpuzzle_9x9_s4_free3.cnf.bz2,SAT_2017,6885.0,6000.0,6000.0,6000.0,6000.0,6000.0,6000.0,6000.0,6000.0,6000.0,6000.0,6000.0
337,mp1-blockpuzzle_9x9_s5_free3.cnf.bz2,SAT_2017,6885.0,6000.0,6000.0,6000.0,6000.0,6000.0,6000.0,6000.0,6000.0,6000.0,6000.0,6000.0
338,mp1-blockpuzzle_9x9_s7_free8.cnf.bz2,SAT_2017,7371.0,6000.0,6000.0,6000.0,6000.0,6000.0,6000.0,6000.0,6000.0,6000.0,6000.0,6000.0
339,mp1-blockpuzzle_9x9_s7_free9.cnf.bz2,SAT_2017,7452.0,6000.0,6000.0,6000.0,6000.0,6000.0,6000.0,6000.0,6000.0,6000.0,6000.0,6000.0
340,mp1-blockpuzzle_9x9_s8_free3.cnf.bz2,SAT_2017,6966.0,6000.0,6000.0,6000.0,6000.0,6000.0,6000.0,6000.0,6000.0,6000.0,6000.0,6000.0
341,mp1-blockpuzzle_9x9_s8_free7.cnf.bz2,SAT_2017,7290.0,6000.0,6000.0,6000.0,6000.0,6000.0,6000.0,6000.0,6000.0,6000.0,6000.0,6000.0
342,mp1-bsat222-777.cnf.bz2,SAT_2017,6000.0,6000.0,6000.0,6000.0,6000.0,6000.0,6000.0,6000.0,6000.0,6000.0,6000.0,6000.0
